<ImportExportXml xmlns:xsi="http://www.w3.org/2001/XMLSchema-instance">
  <Entities></Entities>
  <Roles></Roles>
  <Workflows></Workflows>
  <FieldSecurityProfiles></FieldSecurityProfiles>
  <Templates />
  <EntityMaps />
  <EntityRelationships />
  <OrganizationSettings />
  <Dialogs>
    <Dialog>
      <LocalizedNames>
        <LocalizedName description="ConvertActivityToOpportunity" languagecode="1033" />
      </LocalizedNames>
      <Descriptions>
        <Description description="ConvertActivityToOpportunity" languagecode="1033" />
      </Descriptions>
      <FormId>{22222222-2222-2222-2222-222222222223}</FormId>
      <UniqueName>ConvertActivityToOpportunity</UniqueName>
      <IsCustomizable>1</IsCustomizable>
      <IntroducedVersion>1.0.0.0</IntroducedVersion>
      <IsTabletEnabled>1</IsTabletEnabled>
      <CanBeDeleted>1</CanBeDeleted>
      <FormXml>
        <forms type="dialog">
          <form>
            <formparameters>
              <querystringparameter name="param_entityId" type="SafeString" />
              <querystringparameter name="param_entityTypeCode" type="SafeString" />
              <querystringparameter name="param_subject" type="SafeString" />
              <querystringparameter name="param_ownerId" type="SafeString" />
              <querystringparameter name="param_ownerType" type="SafeString" />
              <querystringparameter name="param_customerId" type="SafeString" />
              <querystringparameter name="param_currencyId" type="SafeString" />
            </formparameters>
            <header id="{20A88883-CFD3-49AC-A0AC-7A5A5916B414}">
              <rows>
                <row>
                  <cell id="{B65D2006-F3EF-4A95-BAAC-AAA10F4CB330}">
                    <labels>
                      <label description="Convert Activity to Opportunity" languagecode="1033" />
                      <label description="Konvertera aktivitet till möjlighet" languagecode="1053" />
                    </labels>
                    <control id="FormHeader" classid="{39354e4a-5015-4d74-8031-ea9eb73a1322}" isunbound="true">
                      <parameters>
                        <IsTitle>true</IsTitle>
                      </parameters>
                    </control>
                  </cell>
                </row>
              </rows>
            </header>
            <tabs>
              <tab id="{4096ED0D-B54B-4A90-8E14-6DE2F96EE1DF}" verticallayout="true" name="Tab">
                <labels>
                  <label description="Tab" languagecode="1033" />
                  <label description="Flik" languagecode="1053" />
                </labels>
                <tabfooter id="{303f1bb7-3f05-423b-8b27-135b552b8375}">
                  <rows>
                    <row>
                      <cell id="{2535464d-171f-4833-9cfa-06e7c971bce3}">
                        <labels>
                          <label description="OK" languagecode="1033" />
                          <label description="OK" languagecode="1053" />
                        </labels>
                        <control id="tab1footerok" classid="{00ad73da-bd4d-49c6-88a8-2f4f4cad4a20}" isunbound="true" />
                      </cell>
                      <cell id="{7B9024DA-67E3-48F6-A29D-90676D51A66D}">
                        <labels>
                          <label description="Cancel" languagecode="1033" />
                          <label description="Avbryt" languagecode="1053" />
                        </labels>
                        <control id="tab1footercancel" classid="{00ad73da-bd4d-49c6-88a8-2f4f4cad4a20}" isunbound="true" />
                      </cell>
                    </row>
                  </rows>
                </tabfooter>
                <columns>
                  <column width="100%">
                    <sections>
                      <section id="{EB813F56-D4A8-4A95-AF10-162655D9FB91}" showbar="false" columns="1" name="Section">
                        <labels>
                          <label description="Information" languagecode="1033" />
                          <label description="Uppgifter" languagecode="1053" />
                        </labels>
                        <rows>
                          <row>
                            <cell id="{049DC876-DB33-41E0-A195-C8597750F451}" locklevel="0" rowspan="5">
                              <labels>
                                <label description="Customer" languagecode="1033" />
                                <label description="Kund" languagecode="1053" />
                              </labels>
                              <control id="customerLookup" classid="{270BD3DB-D9AF-4782-9025-509E298DEC0A}" isunbound="true" isrequired="true">
                                 <parameters>
                                    <TargetEntities>
                                       <TargetEntity>
                                          <DefaultViewId>{A9AF0AB8-861D-4CFA-92A5-C6281FED7FAB}</DefaultViewId>
                                          <EntityLogicalName>account</EntityLogicalName>
                                       </TargetEntity>
                                    </TargetEntities>
                                 </parameters>
                              </control>
                            </cell>
                          </row>
                        </rows>
                      </section>
                    </sections>
                  </column>
                </columns>
              </tab>
            </tabs>
            <events>
              <event name="onclick" application="false" active="false" attribute="tab1footerok">
                <Handlers>
                  <Handler functionName="convertToActivity.events.okClick" libraryName="ppp_CustomConvertToActivity.js" handlerUniqueId="{ADC7E877-6FDC-4404-8744-A85F607A5096}" enabled="true" parameters="" passExecutionContext="true" />
                </Handlers>
              </event>
              <event name="onclick" application="false" active="false" attribute="tab1footercancel">
                <Handlers>
                  <Handler functionName="convertToActivity.events.cancelClick" libraryName="ppp_CustomConvertToActivity.js" handlerUniqueId="{124A0213-CE38-4F33-93C9-7D2B2BD83007}" enabled="true" parameters="" passExecutionContext="true" />
                </Handlers>
              </event>
            </events>
            <clientresources>
      <internalresources>
         <clientincludes>
            <internaljscriptfile src="$webresource:ppp_CustomConvertToActivity.js" />
         </clientincludes>
      </internalresources>
          </clientresources>
          </form>
        </forms>
      </FormXml>
    </Dialog>
  </Dialogs>
  <WebResources>
    <WebResource>
      <WebResourceId>{2d6bf628-df9a-ea11-a812-000d3aaa4a6c}</WebResourceId>
      <Name>ppp_CustomConvertToActivity.js</Name>
      <DisplayName>CustomConvertToActivity.js</DisplayName>
      <WebResourceType>3</WebResourceType>
      <IntroducedVersion>1.0.0.0</IntroducedVersion>
      <IsEnabledForMobileClient>0</IsEnabledForMobileClient>
      <IsAvailableForMobileOffline>0</IsAvailableForMobileOffline>
      <DependencyXml>&lt;Dependencies&gt;&lt;Dependency componentType="WebResource"/&gt;&lt;/Dependencies&gt;</DependencyXml>
      <IsCustomizable>1</IsCustomizable>
      <CanBeDeleted>1</CanBeDeleted>
      <IsHidden>0</IsHidden>
      <FileName>/WebResources/ppp_CustomConvertToActivity.js</FileName>
    </WebResource>
  </WebResources>
  <CustomControls />
  <EntityDataProviders />
  <Languages>
    <Language>1033</Language>
    <Language>1053</Language>
  </Languages>
</ImportExportXml>